일자,지점명,최저기온(°C),최고기온(°C),일강수량(mm),평균 풍속(m/s),평균 전운량(1/10),발전량
2019-09-01,보성군,19,25.4,4,1.2,9.9,128
2019-09-02,보성군,19.3,23,39.5,1.1,8.8,76.3
2019-09-03,보성군,21.3,25.2,19,1.6,10,147.1
2019-09-04,보성군,22.7,26,17.5,2.1,9.5,79.1
2019-09-05,보성군,23.3,28.2,2.5,1.8,8.6,194.7
2019-09-06,보성군,22.2,28.8,8,3.3,9.3,179.3
2019-09-07,보성군,21.7,27.1,26,7.8,8,128.7
2019-09-08,보성군,20.7,27.5,1,0.9,8.6,208.3
2019-09-09,보성군,22.8,29.9,14.5,2.8,9,192.2
2019-09-10,보성군,22.8,29.3,,2,5.5,345.5
2019-09-11,보성군,22.8,29,1.5,2,7.4,328.1
2019-09-12,보성군,19.4,25,1.5,2.9,8.5,184.5
2019-09-13,보성군,18.9,27.5,,2,5.1,533.3
2019-09-14,보성군,16.8,30.3,,2.1,3.1,529.2
2019-09-15,보성군,20.7,28.8,,1.7,6.9,389.1
2019-09-16,보성군,20.3,28.4,2,2,6.9,355.1
2019-09-17,보성군,15.5,27.7,,1.8,2.4,547.8
2019-09-18,보성군,16.5,29.3,,3.1,3.5,521.8
2019-09-19,보성군,14,25.9,,2.5,1.9,531.3
2019-09-20,보성군,15,25.6,,3.2,7.5,448
2019-09-21,보성군,17.2,20.4,71.5,3.6,9.9,38.5
2019-09-22,보성군,17.9,21.7,48.5,4.9,9.3,40.3
2019-09-23,보성군,14.8,22.6,0.2,2.7,3.3,287.5
2019-09-24,보성군,11.5,24.7,,2.1,2.6,521.1
2019-09-25,보성군,12.4,25.2,,1.7,6.6,402.5
2019-09-26,보성군,15,26.8,,2.3,6.1,461.1
2019-09-27,보성군,17.3,25.6,8,1.6,5.4,198.6
2019-09-28,보성군,20.8,26.7,1,1.4,7.8,235.8
2019-09-29,보성군,21.1,29.8,,1.4,4.9,397.8
2019-09-30,보성군,20.8,27.2,,1.4,6.6,193
2019-10-01,보성군,19.3,22.7,48.5,1.7,10,56.3
2019-10-02,보성군,19.3,24.1,162.5,5.3,10,13.6
2019-10-03,보성군,19.6,27.1,0.3,4.6,3.4,385.5
2019-10-04,보성군,16.5,27.1,,2,6.8,0
2019-10-05,보성군,16.2,22.9,,4,7.1,285.2
2019-10-06,보성군,15.3,22.7,0.1,3.2,7.5,451
2019-10-07,보성군,15.8,18.2,6.5,2.2,9.4,49.8
2019-10-08,보성군,9.9,23.1,,4,4.3,428.1
2019-10-09,보성군,8.7,21.9,,2.4,1.4,544
2019-10-10,보성군,7.5,23.6,,1.9,6.1,523.7
2019-10-11,보성군,11.4,26.2,,1.8,2.7,510.2
2019-10-12,보성군,11.3,25.2,,2,1.6,503.7
2019-10-13,보성군,8.8,22.6,,2.1,0,527.4
2019-10-14,보성군,9.8,23.6,,3.6,0.9,471.3
2019-10-15,보성군,10.3,18.9,,2.7,4.8,179.1
2019-10-16,보성군,7.7,20,,2.1,4.4,474
2019-10-17,보성군,8.9,21,,2.1,7.8,307.8
2019-10-18,보성군,12.1,19.3,,1.3,8.8,64.6
2019-10-19,보성군,14,24.3,,2.7,1.6,510.8
2019-10-20,보성군,10.8,23.4,,2,5.1,430
2019-10-21,보성군,11.3,22.8,,2.2,4.4,495
2019-10-22,보성군,10,23.5,,2,6,467.6
2019-10-23,보성군,13.9,21.5,,2.1,8.3,207.4
2019-10-24,보성군,12.4,24.1,,1.8,5.8,282.3
2019-10-25,보성군,10.8,24.5,,2.3,5.8,409.3
2019-10-26,보성군,11.4,17.9,,4.8,6.6,470.5
2019-10-27,보성군,6.8,18.5,,3.4,3.6,411.3
2019-10-28,보성군,4.6,18,,2.1,6.8,461
2019-10-29,보성군,7.2,20.2,,3.3,1,412.4
2019-10-30,보성군,7.9,19.4,,3.9,0,509
2019-10-31,보성군,4.5,21.3,,3.2,1.5,496.3
2019-11-01,보성군,10.7,24.2,,2.6,2.5,421.8
2019-11-02,보성군,7.5,21,,1.6,6,340.9
2019-11-03,보성군,8.8,22.8,,2.1,5.1,341.6
2019-11-04,보성군,8.6,19.4,0.5,1.8,5.6,327.6
2019-11-05,보성군,9.8,20.6,,2.8,1.8,443.1
2019-11-06,보성군,7.7,21.4,,2.9,3.8,460.9
2019-11-07,보성군,9.3,18.8,,4.1,6.1,385.7
2019-11-08,보성군,6.9,16.6,,4.4,0.5,508.1
2019-11-09,보성군,5.7,19.7,,3.7,0.1,484
2019-11-10,보성군,1.9,16.8,7.5,2.1,7.7,219.4
2019-11-11,보성군,8.6,18,,4.1,3.4,360.5
2019-11-12,보성군,6.5,17.2,,2.4,3.5,394.8
2019-11-13,보성군,4.5,15.8,0,2.6,6.4,107.2
2019-11-14,보성군,-0.2,11.3,,4,1.5,495.9
2019-11-15,보성군,-2.1,16.1,,2,0.8,442.8
2019-11-16,보성군,2,19.6,,1.6,4.3,361.5
2019-11-17,보성군,7.4,20.8,0.5,2.2,9.5,72.5
2019-11-18,보성군,5.7,19.9,17,6.9,7.8,96.8
2019-11-19,보성군,2.2,9,,4.8,4,298.6
2019-11-20,보성군,-0.6,11.8,,2.8,0.1,483.3
2019-11-21,보성군,-2.1,14.2,,2.4,4.4,405.6
2019-11-22,보성군,3.5,18.1,,2.3,1.6,417.3
2019-11-23,보성군,3.9,19.1,,2.2,2.8,429.2
2019-11-24,보성군,11.8,21.2,0.5,2.6,7.3,224.6
2019-11-25,보성군,4.2,12,,4.8,8.5,133.3
2019-11-26,보성군,1.3,14.6,,2.6,5.3,240.2
2019-11-27,보성군,6.1,10.3,0,3.7,9.8,85.6
2019-11-28,보성군,3,15.2,,3.6,3.8,362.7
2019-11-29,보성군,1.5,12.8,,4.6,0.5,468.3
2019-11-30,보성군,-3.1,15.2,0.5,1.8,4.4,419.2
2019-12-01,보성군,6.8,8.9,19.5,2.9,9.1,49.2
2019-12-02,보성군,3.8,8.7,,5.9,5.5,315.2
2019-12-03,보성군,0.1,9.4,,2.9,3.5,243.5
2019-12-04,보성군,-1.8,12.2,,2.3,2.8,376.6
2019-12-05,보성군,-1.6,7.8,,4,1.4,425
2019-12-06,보성군,-2.9,4.4,,4.3,3.5,439.2
2019-12-07,보성군,-2.6,9.4,,4.2,0.1,316.2
2019-12-08,보성군,-0.1,11.1,,3.1,0.6,411.5
2019-12-09,보성군,-4.4,12.1,,2.2,0.1,298.3
2019-12-10,보성군,-1.5,15.2,,1.4,4.4,252.8
2019-12-11,보성군,1.5,17.4,,3.7,3.9,185.3
2019-12-12,보성군,0.1,9.3,,4,0.4,433
2019-12-13,보성군,-5.1,9.8,,1.7,5.4,322.6
2019-12-14,보성군,0,11.4,,3.3,5.1,408.1
2019-12-15,보성군,-2.5,14.3,,2.3,4.4,358.4
2019-12-16,보성군,1,14.9,,1.8,3.4,297.6
2019-12-17,보성군,2,12.8,,2.8,9,53.5
2019-12-18,보성군,3.2,9.8,,5.7,6,318.3
2019-12-19,보성군,0.5,9.1,,5.4,6,402.4
2019-12-20,보성군,-3.1,8,,3,7.8,271
2019-12-21,보성군,-2,6.4,,1.9,6.9,157.9
2019-12-22,보성군,-1.3,10.5,,1.6,5.8,222.3
2019-12-23,보성군,-2.8,10.8,0,4.1,3.4,199.4
2019-12-24,보성군,-2.6,11.4,,2.2,4.3,370
2019-12-25,보성군,-3.7,14.2,,1.8,4.9,316.3
2019-12-26,보성군,4.1,8.3,0.3,4.3,7.8,59.5
2019-12-27,보성군,-2.8,7.4,,5,2.9,351.5
2019-12-28,보성군,-5.3,8.3,,2.4,0.4,382.6
2019-12-29,보성군,-3.4,7.1,8.6,1.9,9.6,86.3
2019-12-30,보성군,3,12.6,,3.2,6.9,109.5
2019-12-31,보성군,-3.8,3,,6.8,2.7,423
2020-01-01,보성군,-4.2,6.3,,4.5,1.5,444.2
2020-01-02,보성군,-1.7,9.2,,3.9,1.7,355.6
2020-01-03,보성군,1.4,10.1,,4,0.8,370.7
2020-01-04,보성군,-0.2,10.2,,3.7,3.8,360.8
2020-01-05,보성군,-4,10.8,,2.1,3.9,386.3
2020-01-06,보성군,3.2,8.4,19.3,2,10,17.2
2020-01-07,보성군,8.3,17,32.4,2.2,8,23.3
2020-01-08,보성군,4.5,12.8,0,7.6,9.3,29.7
2020-01-09,보성군,1.4,7.7,,4.7,7.3,256.2
2020-01-10,보성군,-1.4,9,,3,4.3,429
2020-01-11,보성군,1.1,10.3,,4.7,5.8,400.5
2020-01-12,보성군,2.3,6.8,,5.6,6.6,355.6
2020-01-13,보성군,0.1,6.5,,4.8,6.6,280.6
2020-01-14,보성군,-1.7,7,,2.6,5.6,210.8
2020-01-15,보성군,-1.9,6.3,,3.8,3.3,444.8
2020-01-16,보성군,-1,7.8,,3,8.8,412.8
2020-01-17,보성군,0.7,9.2,,4,4.9,351
2020-01-18,보성군,-0.2,9.4,,5,0.5,488.2
2020-01-19,보성군,-0.6,7.9,,3.2,5.6,83
2020-01-20,보성군,-1.1,8.9,,4.4,2.6,390.9
2020-01-21,보성군,-0.9,8.8,,3,2.6,490.5
2020-01-22,보성군,0.7,7.5,15.2,1,9.6,16.7
2020-01-23,보성군,6.6,11.7,1.9,2.2,9.4,137.8
2020-01-24,보성군,4.1,13.1,,3,7.5,381.6
2020-01-25,보성군,4.4,11.2,,2,10,90.7
2020-01-26,보성군,3,11.9,0,4.2,9.6,169.3
2020-01-27,보성군,5.8,9,16.2,5.4,7.8,23.1
2020-01-28,보성군,4.8,11.8,,2.6,6.5,227.6
2020-01-29,보성군,5,9.2,0.2,2.3,7.8,78.2
2020-01-30,보성군,3.3,10.5,,4.1,5.8,250.9
2020-01-31,보성군,-0.6,9.1,,4.3,4,273.2
2020-02-01,보성군,-1.3,9.6,,3.6,2.5,396.3
2020-02-02,보성군,-1.2,9.7,,4.1,4.5,451.1
2020-02-03,보성군,-0.7,7.9,,4.4,3.3,437.3
2020-02-04,보성군,-2.4,9.3,,3.8,0,549.5
2020-02-05,보성군,-4.4,3.8,,5.5,1.1,577.9
2020-02-06,보성군,-5.8,5.5,,3.1,5,429.5
2020-02-07,보성군,-2.5,8.5,,3.7,5.5,409.9
2020-02-08,보성군,-0.4,7.7,,4.6,2.9,341
2020-02-09,보성군,-3.1,8.2,,4,0.1,535.9
2020-02-10,보성군,-1.9,13.2,,3,2.9,371.2
2020-02-11,보성군,-3.5,13.7,0.4,1.5,6.8,249.4
2020-02-12,보성군,7.8,12.7,23.6,2.6,9.4,45.8
2020-02-13,보성군,3.9,13.7,,2.9,7.3,278
2020-02-14,보성군,2.7,16.7,,1.8,4.1,521.6
2020-02-15,보성군,3.2,16.9,1.6,2.3,8,267
2020-02-16,보성군,-0.2,10.9,4,8.2,8.3,131.7
2020-02-17,보성군,-2.4,1.6,1.7,7.6,6.9,252.7
2020-02-18,보성군,-2.3,6.7,,5.9,1.1,600.7
2020-02-19,보성군,-0.8,11.9,,4.2,6.3,482.5
2020-02-20,보성군,0.1,13.7,,2.2,3.1,533.7
2020-02-21,보성군,-1.9,15.3,0.9,1.9,5.9,423.1
2020-02-22,보성군,3.2,11.8,0.4,7,2.4,436.9
2020-02-23,보성군,-0.6,11.8,,3.4,0,595.5
2020-02-24,보성군,-3.5,15.3,0.2,1.7,4,433.4
2020-02-25,보성군,9.3,13,10.3,1.1,8.5,15.1
2020-02-26,보성군,3.9,15.6,,2.7,4.4,293.6
2020-02-27,보성군,1.8,11.5,,3.4,4.5,421.8
2020-02-28,보성군,3.9,8.6,1.8,2.2,8.8,50.7
2020-02-29,보성군,3.5,12.3,,1.5,5.9,121.8
2020-03-01,보성군,1.7,14.2,0,2.5,8.4,217.4
2020-03-02,보성군,1.7,12.7,,4.7,4.4,548.9
2020-03-03,보성군,-0.2,12.1,,2.6,8.8,237.8
2020-03-04,보성군,1.3,10.1,,6.9,5.6,583.1
2020-03-05,보성군,-0.7,10.7,,4.3,0.4,597.1
2020-03-06,보성군,-4.7,12.9,,2.6,2.5,591.5
2020-03-07,보성군,1.7,9.5,11.6,1.9,8.8,71.3
2020-03-08,보성군,0,15.8,,2.3,3.9,574.9
2020-03-09,보성군,1.8,13.4,9.5,2.4,9.1,105.8
2020-03-10,보성군,4.6,11.2,3.4,5.9,7.4,110.2
2020-03-11,보성군,0.4,11,,5.8,0,631.8
2020-03-12,보성군,-3.3,14.7,,2.7,1.6,592.9
2020-03-13,보성군,1.4,16.7,,3.9,7.8,512
2020-03-14,보성군,0.6,11.4,,5.1,1.6,631.3
2020-03-15,보성군,1.4,14.5,,6.8,2.3,565.4
2020-03-16,보성군,0.2,11.4,,4.2,2.1,595.4
2020-03-17,보성군,-1.8,19,,3.6,0.6,569.5
2020-03-18,보성군,-0.2,18.3,,2.5,2.8,588.5
2020-03-19,보성군,2.2,16.4,,5.7,3.9,513.1
2020-03-20,보성군,2.2,16.1,,4,0,593.8
2020-03-21,보성군,0.6,20.8,,2.4,2.4,516.1
2020-03-22,보성군,7.7,22.4,,3.9,3,500.7
2020-03-23,보성군,5.4,17.7,,5.5,0,601.5
2020-03-24,보성군,1.5,18.1,,3,0,565.2
2020-03-25,보성군,0.5,19.1,0.1,2.5,5.4,570.9
2020-03-26,보성군,10.3,15,32.5,2,10,33.8
2020-03-27,보성군,5.6,16,0.3,4.4,6.6,264.1
2020-03-28,보성군,5.3,11,,3.6,9,175.8
2020-03-29,보성군,1.2,15.1,,2.7,6.4,506.6
2020-03-30,보성군,5.5,17.4,,2.2,6.1,520.8
2020-03-31,보성군,2.2,19.5,,2.5,3.4,547.1
2020-04-01,보성군,7.1,18.6,0.5,6.3,4.3,424.8
2020-04-02,보성군,3.3,16.8,,3.3,3.4,523.2
2020-04-03,보성군,4.4,19.9,,3.7,1.8,582.7
2020-04-04,보성군,5.1,20.3,,5.6,0,604.3
2020-04-05,보성군,0.5,16.8,,4.4,0.9,631.8
2020-04-06,보성군,-1.8,18.2,,3.4,4.3,554.6
2020-04-07,보성군,4.6,20.8,,4.4,0.9,568
2020-04-08,보성군,4,18.7,,4.3,1.8,560.5
2020-04-09,보성군,1.9,17.6,,4.3,2,557.5
2020-04-10,보성군,7.4,12.7,,2.5,8.5,132.2
2020-04-11,보성군,6.5,10.9,14.6,1.6,9.6,137.4
2020-04-12,보성군,6.5,12.4,2.1,2.7,6.6,191.3
2020-04-13,보성군,2.8,16.3,,4.2,2.6,579.7
2020-04-14,보성군,3.2,22.2,,3.8,1.9,606.1
2020-04-15,보성군,3.9,19.6,,2.7,7.1,433.2
2020-04-16,보성군,2.2,18.9,,3.2,3.8,582.4
2020-04-17,보성군,10.2,14.8,37.5,2.6,6.3,62.2
2020-04-18,보성군,8.2,20,,4.2,5,578.8
2020-04-19,보성군,8.9,14,25.5,4.2,10,68.7
2020-04-20,보성군,9.3,18.6,,4.9,7.8,457.1
2020-04-21,보성군,6.9,16.1,,6.4,6.6,630.4
2020-04-22,보성군,3.7,13.8,,7,3.8,647.7
2020-04-23,보성군,3.9,15.1,,6.2,2.1,609
2020-04-24,보성군,2,17.3,,3.5,0,622.7
2020-04-25,보성군,1.9,21.6,,3.6,0.1,571.6
2020-04-26,보성군,6.6,20.6,,4.3,2.6,600.6
2020-04-27,보성군,3.7,20.3,,4,0.4,599.9
2020-04-28,보성군,5.2,21,,4.6,0,598.2
2020-04-29,보성군,4.6,23.5,,3.1,0,588.1
2020-04-30,보성군,2.8,22.7,,2.7,4.6,515.9
2020-05-01,보성군,13,25.2,,2.6,6.5,455.2
2020-05-02,보성군,13.1,22.1,0.6,2.1,8.6,236.6
2020-05-03,보성군,16.2,18,49.3,3.4,9.4,57.8
2020-05-04,보성군,15.1,27.9,,3.7,4.3,469.9
2020-05-05,보성군,13,20.1,0.1,2.1,9,182
2020-05-06,보성군,13.2,26,,2.6,2.9,567.9
2020-05-07,보성군,8.4,22.6,,3.9,2.9,583.3
2020-05-08,보성군,6.7,22.4,0.6,3.1,6.8,372.2
2020-05-09,보성군,14.1,20,92.3,3.8,9.9,83.1
2020-05-10,보성군,13.8,20.1,,4.1,5.4,334.3
2020-05-11,보성군,13.5,26.8,,,3.9,582.1
2020-05-12,보성군,11.7,24,,5.9,1.3,559.8
2020-05-13,보성군,7.9,24,,3.4,0.1,597.8
2020-05-14,보성군,8.6,24.4,0,1.9,6.9,418.6
2020-05-15,보성군,16.4,19.2,29,3.2,9.6,49.9
2020-05-16,보성군,16.2,25.3,0.9,2,7.5,394.8
2020-05-17,보성군,14.3,23.2,,2.1,6.6,350
2020-05-18,보성군,13.3,20.8,8.7,3.3,7.6,0
2020-05-19,보성군,11.5,18.6,0,4,7.1,262.1
2020-05-20,보성군,10.7,23.7,,3.4,4.8,482.4
2020-05-21,보성군,13.2,21.3,,3.3,7.4,379.6
2020-05-22,보성군,12.7,23,,3.6,3.6,523.1
2020-05-23,보성군,10.8,23.5,,2.5,3.6,519.8
2020-05-24,보성군,11.3,25.5,0.9,2.7,7.9,274.8
2020-05-25,보성군,15.8,23.9,,3.4,9.1,328.5
2020-05-26,보성군,15.4,26.1,,3.3,7.6,367.3
2020-05-27,보성군,16.1,27.5,,3.5,5.9,538.7
2020-05-28,보성군,11.4,26.8,,4.3,2.5,528.3
2020-05-29,보성군,14.6,26.4,,3.1,6.3,492.6
2020-05-30,보성군,15.2,25.3,,2.4,9.6,274.2
2020-05-31,보성군,16.8,22.5,12.5,2,8,262.9
2020-06-01,보성군,17.2,26.9,,4.1,4.1,583.9
2020-06-02,보성군,12.5,27.5,,2.5,3.4,554.1
2020-06-03,보성군,16.9,24.6,,1.6,8.4,196.5
2020-06-04,보성군,19.5,30.2,,2.4,5.3,556.9
2020-06-05,보성군,20.3,31.8,,3.1,6.8,468
2020-06-06,보성군,20.1,27.3,11.1,3,7.6,420.9
2020-06-07,보성군,18.5,27.6,,2.3,1.1,546.5
2020-06-08,보성군,16.1,30.2,,2.2,0.3,570.2
2020-06-09,보성군,16.3,31.3,,2.3,3.6,529.8
2020-06-10,보성군,20.3,30.9,3,2.4,6.1,447.6
2020-06-11,보성군,22.3,30.3,2.6,2.4,6.8,287.3
2020-06-12,보성군,22.4,29.9,63.1,2.2,8.9,0
2020-06-13,보성군,22.5,25.4,81.9,1.6,10,130.4
2020-06-14,보성군,22.2,27,11.9,2.9,8.6,187.9
2020-06-15,보성군,19.8,30.5,,4.1,5.9,572.3
2020-06-16,보성군,20.2,31.4,,3.9,6.1,584.4
2020-06-17,보성군,17.3,25.9,3.3,1.7,8.9,305.5
2020-06-18,보성군,17,19.9,81.4,2.3,9.8,81.3
2020-06-19,보성군,18.6,28.1,3,2.3,4.4,433.3
2020-06-20,보성군,20.8,26.8,,1.7,7,405.1
2020-06-21,보성군,20.7,27.3,,2.2,4,528.8
2020-06-22,보성군,19.2,29.6,,2.4,1.4,582.5
2020-06-23,보성군,17.2,29.6,,2.2,5.8,520.4
2020-06-24,보성군,22.1,24.9,52.2,3.1,9.3,83.4
2020-06-25,보성군,21.3,24.4,3.6,1.8,9.6,103.1
2020-06-26,보성군,20.8,30.2,,3,4.2,517
2020-06-27,보성군,19.6,28.8,,1.7,6.5,372.8
2020-06-28,보성군,21.4,32.1,,3.6,4,534.2
2020-06-29,보성군,20.1,24.2,100.1,4.8,8.5,69.8
2020-06-30,보성군,20,24,0.6,5.2,6.4,285.9
2020-07-01,보성군,19.8,28.6,,3.7,6.8,425.1
2020-07-02,보성군,18.6,27.4,,2.3,8.4,372.7
2020-07-03,보성군,19.1,21.9,14.7,2.4,9.8,148.1
2020-07-04,보성군,18.8,25.2,,1.5,9.6,214.1
2020-07-05,보성군,19.3,25.4,,1.6,8.3,257.3
2020-07-06,보성군,20.7,24.6,,1.5,8.9,112
2020-07-07,보성군,22.2,29.5,,2.3,4.8,482.5
2020-07-08,보성군,21.7,29.6,,2.6,7,489.8
2020-07-09,보성군,20.9,28,2.5,2.9,6.1,256.5
2020-07-10,보성군,22.8,27.8,45.1,3.2,9,214.7
2020-07-11,보성군,22.9,28.2,,3.3,,308.9
2020-07-12,보성군,20.5,23,50.9,4.1,,68.8
2020-07-13,보성군,20,21.9,93.5,2.7,7,55.9
2020-07-14,보성군,20.1,23.1,0.3,2.1,8.9,271.8
2020-07-15,보성군,19.7,21.2,10.9,1.7,8.4,130.6
2020-07-16,보성군,19.6,26.3,,1.5,7.9,349.3
2020-07-17,보성군,20.8,28,,1.7,5.1,473.9
2020-07-18,보성군,19.8,24.8,1.2,2.4,8,248
2020-07-19,보성군,22.2,27.5,0.7,3.7,8.6,82.7
2020-07-20,보성군,23.9,30.4,1.8,3.1,8.5,192.4
2020-07-21,보성군,22.5,27.5,15.7,2.1,8.1,261.8
2020-07-22,보성군,22.4,26.4,20.6,1,10,134.2
2020-07-23,보성군,22.3,25.9,96.7,2.9,8.9,36.7
2020-07-24,보성군,20.7,23,3,3.6,7.1,100.1
2020-07-25,보성군,21.1,26.1,0.6,1.5,7.3,193
2020-07-26,보성군,20.4,27.7,,2,6.5,0
2020-07-27,보성군,21.3,26.4,27.1,1.5,9.9,143.5
2020-07-28,보성군,23.2,28.5,1.4,1.4,9.1,181.6
2020-07-29,보성군,25,29.8,16.6,1,8.5,223.2
2020-07-30,보성군,24.1,31.3,2.4,1.9,7.7,322.3
2020-07-31,보성군,23.3,31.4,,1.7,8.3,389
2020-08-01,보성군,23.7,30.7,,1.5,8.1,371.6
2020-08-02,보성군,24.2,31.2,,1.9,6.8,400.2
2020-08-03,보성군,25.3,30.3,,2.1,8.8,273
2020-08-04,보성군,25.3,31.7,,2.6,6.6,352
2020-08-05,보성군,26.4,30.8,0.3,4.6,7.6,229.2
2020-08-06,보성군,26.2,28.7,7.3,4.1,9.1,96.6
2020-08-07,보성군,25.5,27.7,25.7,1.8,10,45
2020-08-08,보성군,26.1,28.5,36.5,3.2,9.4,98.6
2020-08-09,보성군,25.6,30.8,,4.1,6.4,313.2
2020-08-10,보성군,24.8,28.2,47.5,2.7,8.4,86.3
2020-08-11,보성군,25.9,30.2,19.5,2.3,8.3,212.3
2020-08-12,보성군,25.3,31.7,0.1,1.5,7,318.3
2020-08-13,보성군,24.8,31.5,,1.9,5.1,324.4
2020-08-14,보성군,24.9,33,,2,5.8,444.1
2020-08-15,보성군,24.9,34.1,,2.1,2,542.1
2020-08-16,보성군,23.3,33,,2,3.8,520.7
2020-08-17,보성군,23.7,34,,2.3,1.5,513.1
2020-08-18,보성군,25.2,34.3,,2.5,2,489
2020-08-19,보성군,24,35.1,,3.1,1.3,540.6
2020-08-20,보성군,23.3,34.3,,2.8,1.4,536.5
2020-08-21,보성군,23.8,32.2,,1.4,4.9,384.3
2020-08-22,보성군,24.3,30.8,,1.6,8.1,313
2020-08-23,보성군,23.2,31.8,,1.8,5.5,366.3
2020-08-24,보성군,23.2,32.5,,1.7,3.6,453
2020-08-25,보성군,23.9,33.2,0,2.9,5,400.3
2020-08-26,보성군,24.4,30.4,58.4,8.1,7.9,148.6
2020-08-27,보성군,26.4,31.1,2.5,4.1,8.6,237.4
2020-08-28,보성군,26.2,30.1,4.3,2.3,6.3,202.1
2020-08-29,보성군,25,31,1.8,2.5,7.5,188.7
2020-08-30,보성군,24,33.2,0.3,1.8,6.4,415.5
2020-08-31,보성군,25,32.5,,2.8,4.1,422.5
2020-09-01,보성군,23.5,30.8,,2.4,6.8,299.9
2020-09-02,보성군,25.1,29,54.5,5.3,10,95.8
2020-09-03,보성군,19.8,29.2,10.8,7.1,3.3,459.5
2020-09-04,보성군,17.8,28.2,,1.8,4.4,419
2020-09-05,보성군,19,24.1,1.3,2.1,10,118.1
2020-09-06,보성군,18.7,23.8,18.1,1.7,10,88.6
2020-09-07,보성군,19.2,23.8,19.7,7.6,7.8,219.7
2020-09-08,보성군,17.7,28.9,,2,4.8,378.1
2020-09-09,보성군,19.3,26.2,34,1.7,5.7,329
2020-09-10,보성군,19.8,30,0,1.6,8.3,466.3
2020-09-11,보성군,20.4,24,24.4,2.1,10,67.6
2020-09-12,보성군,19.6,27.6,2.4,1.9,8,331.9
2020-09-13,보성군,19.3,24.9,6.1,1.4,8,249.7
2020-09-14,보성군,20.3,27.1,,1.7,7.3,410
2020-09-15,보성군,18.8,27.9,,2.1,7.4,392.5
2020-09-16,보성군,21,24.3,4.9,2,6.5,93.1
2020-09-17,보성군,18.4,24.7,3.2,1.9,9.9,128.2
2020-09-18,보성군,15.3,25.3,0.7,2.4,7.9,296.8
2020-09-19,보성군,13.3,26.7,,2.2,4.4,433.5
2020-09-20,보성군,13.4,26.8,,3.3,1.9,489.6
2020-09-21,보성군,11.1,25,,2.3,5.1,429.8
2020-09-22,보성군,13.9,23.9,,2.4,6.8,348.1
2020-09-23,보성군,13.9,24.1,,2.1,9.6,239.2
2020-09-24,보성군,16.3,26.4,0.9,1.7,7.6,376.7
2020-09-25,보성군,16.2,27,,2.4,4.9,430
2020-09-26,보성군,16.4,25.9,,1.9,6,440.3
2020-09-27,보성군,13.8,25.6,,2.1,3,506.8
2020-09-28,보성군,13.1,24.9,,2.1,1.9,512.6
2020-09-29,보성군,12.2,25.5,,1.9,4.6,448.5
2020-09-30,보성군,13.9,26,,2.3,3.9,393.8
2020-10-01,보성군,15.1,25.2,,2.1,5.6,426.2
2020-10-02,보성군,13.8,26,,2.2,6,415.7
2020-10-03,보성군,18.1,26.7,,2.2,8.1,418.1
2020-10-04,보성군,16.2,24.7,0.3,3.3,9.5,139.6
2020-10-05,보성군,11.4,21.3,,4.5,4.1,544.3
2020-10-06,보성군,11.5,23.5,,2.7,4,533.7
2020-10-07,보성군,11.5,23.4,,2.5,4.8,513.1
2020-10-08,보성군,10,23.9,,4.1,0.1,529.3
2020-10-09,보성군,9.1,24.8,,3,3.4,506.5
2020-10-10,보성군,13.3,24.3,,2.3,5.5,471.9
2020-10-11,보성군,13.7,23.5,,2.2,5.9,388.9
2020-10-12,보성군,13.7,25,,3.6,4.9,446.9
2020-10-13,보성군,11.2,22.4,,3.9,6.4,377.3
2020-10-14,보성군,9.7,23,,3.2,6,432.8
2020-10-15,보성군,11.8,22,,3.3,6.8,400.3
2020-10-16,보성군,7.3,18.9,,2.1,8.6,107.7
2020-10-17,보성군,6.8,22.5,,2.7,2.4,439.8
2020-10-18,보성군,8.7,23.3,,2.8,5.6,456.8
2020-10-19,보성군,8.8,21.8,,2.5,4.4,409.5
2020-10-20,보성군,5.4,22.4,,1.9,2.9,472.8
2020-10-21,보성군,10.9,19.8,24.4,1.7,9.9,83.9
2020-10-22,보성군,12,19.7,,4.3,8.5,160
2020-10-23,보성군,10.5,17.4,,6.5,1.4,538.6
2020-10-24,보성군,7.5,17.8,,4.6,0.4,524.3
2020-10-25,보성군,9.4,21.3,,4.1,1.5,454.5
2020-10-26,보성군,5.8,21.3,,2.8,2.5,431.3
2020-10-27,보성군,5.3,21.6,,2,6.1,396.6
2020-10-28,보성군,11,21.9,,3.6,7,176.2
2020-10-29,보성군,9.4,20.6,,3.5,5.3,455.5
2020-10-30,보성군,5.1,20,,2.5,1.8,458.9
2020-10-31,보성군,5.7,18.9,,2.4,1.3,451.2
2020-11-01,보성군,7.9,17.1,1,1.7,9.1,78
2020-11-02,보성군,7.8,19.3,2.1,2.9,6.8,251.2
2020-11-03,보성군,3.8,14.2,,5.7,3,469.8
2020-11-04,보성군,1.4,15.3,,3.4,1.1,499.3
2020-11-05,보성군,-0.1,16.3,,1.6,8,312.1
2020-11-06,보성군,7.7,17.3,0,0.8,7.4,73.8
2020-11-07,보성군,10.2,23.3,,3.9,2.1,331.3
2020-11-08,보성군,6.9,19.3,,4.6,0.3,0
2020-11-09,보성군,4.7,15.3,,4.1,0.3,485.9
2020-11-10,보성군,3,17.1,,3.1,0.5,468.8
2020-11-11,보성군,3.7,16.4,,2.5,0,448.5
2020-11-12,보성군,2,19.1,,1.6,0.3,440.6
2020-11-13,보성군,3.7,20.5,,2.4,0.4,419.8
2020-11-14,보성군,4,20.4,,2,4.3,403
2020-11-15,보성군,5.6,20.2,,2,2.9,416.6
2020-11-16,보성군,6.6,22.1,,2,6.5,407.2
2020-11-17,보성군,15.6,20.6,0,2.8,7.3,104
2020-11-18,보성군,16,22.8,1.2,2.5,9.4,70.2
2020-11-19,보성군,13.6,23.6,5.6,5.3,7.3,49.2
2020-11-20,보성군,7.7,14,,6.3,8.8,168.3
2020-11-21,보성군,1.1,15.8,,2.5,3.5,391.6
2020-11-22,보성군,8.3,13.1,1.6,4.4,8.3,59.4
2020-11-23,보성군,4.3,11.2,,4.5,3,451.9
2020-11-24,보성군,4.7,14.4,,3.3,6.6,388.2
2020-11-25,보성군,5.7,14.7,,4,4.1,441.2
2020-11-26,보성군,8.2,14.6,,3,7.6,321.9
2020-11-27,보성군,5.8,12.5,,6,6.5,191.7
2020-11-28,보성군,4.1,9.1,,5.1,8.1,324
2020-11-29,보성군,1.5,10.5,,4,4.8,334.5
2020-11-30,보성군,-0.3,11.2,,3.6,1.6,366.3
2020-12-01,보성군,-0.9,11.6,,2.9,2.8,434.4
2020-12-02,보성군,-0.4,12.3,,2.9,3.4,165.8
2020-12-03,보성군,0.6,11.5,,3.9,4.1,414.4
2020-12-04,보성군,0.5,9.7,,4.2,0.6,413.5
2020-12-05,보성군,-1.2,11.6,,3.5,2.4,427.2
2020-12-06,보성군,-1.9,12.3,,3.4,0.5,418.9
2020-12-07,보성군,-1.3,12.6,,3.3,4.9,161.9
2020-12-08,보성군,-0.8,9.1,,3.8,1.1,374.6
2020-12-09,보성군,-4.5,10.6,,2.4,0.9,415.2
2020-12-10,보성군,1.3,12.4,,2.2,8,98.5
2020-12-11,보성군,1.7,14.1,,2.5,7.6,260.3
2020-12-12,보성군,0.9,12.1,,3.8,3.5,395.3
2020-12-13,보성군,-2.5,12.5,0,4,8.6,179.9
2020-12-14,보성군,-3.7,2.4,,4.1,5.5,297.6
2020-12-15,보성군,-6.2,3.3,,3,0,451.8
2020-12-16,보성군,-6.2,3.3,,4.2,0.8,426.4
2020-12-17,보성군,-5.2,6.3,,3.6,2,437.2
2020-12-18,보성군,-5,8.9,,3.9,6.1,232.8
2020-12-19,보성군,-3.2,5.1,,4.6,2.3,458.5
2020-12-20,보성군,-3.2,6.9,,3.1,4.4,302.2
2020-12-21,보성군,-6.8,8.8,,2.8,2,304.3
2020-12-22,보성군,-5.1,9.7,,2,3.3,162.6
2020-12-23,보성군,-5,9.9,,1.3,7.3,172.6
2020-12-24,보성군,2.3,12.2,,5,3.9,338.3
2020-12-25,보성군,-2.2,7.6,,4.7,3.9,324.6
2020-12-26,보성군,-4.2,10.4,,2.3,5.8,390
2020-12-27,보성군,1.3,7.4,6.5,1.1,9.6,46.5
2020-12-28,보성군,-0.5,12.9,,2,4.6,406.9
2020-12-29,보성군,0.6,13,2,3.3,8,214.4
2020-12-30,보성군,-6,1.1,0.1,8.3,7.8,239.8
2020-12-31,보성군,-7.6,1.8,0.1,4.6,3.3,431.8
2021-01-01,보성군,-4.7,5,,2.7,4.8,244.7
2021-01-02,보성군,-3.2,5.5,,2.7,3.6,364.3
2021-01-03,보성군,-2.5,4.9,,3,7.1,321.8
2021-01-04,보성군,-4.5,7.8,,2.2,3.1,390.9
2021-01-05,보성군,-2.8,5.3,,3.8,6.5,135.1
2021-01-06,보성군,-6.3,2.2,0.1,2.8,5.4,324.1
2021-01-07,보성군,-11.1,0.1,0.4,6.2,4.4,320
2021-01-08,보성군,-11.9,-2.4,,3.5,2.3,484.9
2021-01-09,보성군,-10.3,0.6,,4.1,1.4,478.1
2021-01-10,보성군,-10.2,3.5,,3,5.5,292.2
2021-01-11,보성군,-4.7,3.6,,2.1,8,160.2
2021-01-12,보성군,-4.6,6.3,,3,1.5,380.2
2021-01-13,보성군,-5.6,13.4,,1.7,1.1,376
2021-01-14,보성군,-3.4,13.3,,1.8,2.6,383.7
2021-01-15,보성군,-0.7,17.6,,3,7.6,258.1
2021-01-16,보성군,-1.6,6.9,,6.7,4.4,435.7
2021-01-17,보성군,-5.8,3.5,,4.2,4.4,504
2021-01-18,보성군,-5.5,8.5,0.1,5,5,206.7
2021-01-19,보성군,-5.6,7.6,,3.3,0.1,517.5
2021-01-20,보성군,-7.6,11.2,,1.8,2.6,443.6
2021-01-21,보성군,-0.5,13.8,5.4,1.3,8.1,184.8
2021-01-22,보성군,7.5,11.7,1.7,0.5,9,64.8
2021-01-23,보성군,8.8,12.7,3.8,2.7,9.6,38.5
2021-01-24,보성군,3.3,13.8,,2.7,5.1,369.6
2021-01-25,보성군,1.3,13.7,,2.8,4.4,467.8
2021-01-26,보성군,4.4,9.7,9.5,2.8,9.4,61.8
2021-01-27,보성군,0.4,11.6,,3,4.4,450.5
2021-01-28,보성군,-2.6,10.2,0,6.4,5.1,290.7
2021-01-29,보성군,-4.5,2.3,,7,1.8,539.2
2021-01-30,보성군,-6.2,11.1,,2.6,4,223
2021-01-31,보성군,-3.2,12.5,3.5,1.9,5.8,324.8
2021-02-01,보성군,6.3,11.6,14.8,2.5,9.1,46.8
2021-02-02,보성군,-2.8,6.4,,6.3,0,566.5
2021-02-03,보성군,-3.4,6.5,,3,0.9,549.9
2021-02-04,보성군,-1.7,8,0.4,4.6,1.8,539.8
2021-02-05,보성군,-3.2,7.3,,1.9,8.8,202.5
2021-02-06,보성군,-3.2,14.8,,2.2,2.5,410.2
2021-02-07,보성군,3.5,15.4,,3.6,2.6,429.8
2021-02-08,보성군,-2.1,6.4,,6.1,2,569.1
2021-02-09,보성군,-2.9,9.9,,4.1,0.8,567.2
2021-02-10,보성군,-3.6,12.6,,3.9,2.4,519.9
2021-02-11,보성군,-1.3,11.9,,1.8,9,196.2
2021-02-12,보성군,1.1,15.5,,1.6,6.5,370.7
2021-02-13,보성군,-2,18.4,,1.7,1.9,507.8
2021-02-14,보성군,4.5,16.5,3.2,1.3,8.3,129
2021-02-15,보성군,0.5,9.7,,8.8,6.5,280.9
2021-02-16,보성군,-4.6,8.2,0.2,5.8,3.3,481.2
2021-02-17,보성군,-4.8,-0.1,,7.3,8,314.8
2021-02-18,보성군,-4,2.2,,7.4,4.6,410.9
2021-02-19,보성군,-1,12.7,,3.7,0,0
2021-02-20,보성군,-2.3,19.9,,2.2,0,480.5
2021-02-21,보성군,-0.8,23.2,,2.5,0.8,523.7
2021-02-22,보성군,1.4,22.8,,3.8,2.5,431.6
2021-02-23,보성군,0.6,12.6,,4.9,5.4,388.7
2021-02-24,보성군,-2.8,11.4,,2.2,6.3,182.3
2021-02-25,보성군,0.7,11.5,8.4,2.1,9.6,62.2
2021-02-26,보성군,6.5,14.3,2.8,4.6,8.9,335.7
2021-02-27,보성군,6.4,12.2,,6.1,7.5,438.8
2021-02-28,보성군,6.3,12.5,0.3,3,6.6,93.1
2021-03-01,보성군,6.9,17.4,51.5,4.4,9.6,22.7
2021-03-02,보성군,2.5,10.4,,5,5.6,535.2
2021-03-03,보성군,-1.5,11.1,,2.2,5.5,504.7
2021-03-04,보성군,2.9,9.5,16.8,1.4,10,66.5
2021-03-05,보성군,4.1,17.6,,3.1,7.4,534.7
2021-03-06,보성군,6.6,16.2,,3.8,7.1,315.6
2021-03-07,보성군,4.9,11.2,,3,8.1,309.1
2021-03-08,보성군,1.1,14.5,,2,6,512
2021-03-09,보성군,5.6,15,,3.5,6.4,458.6
2021-03-10,보성군,4.5,17.3,,3.7,0,527.4
2021-03-11,보성군,2.3,16.5,5.3,1.8,8,383.5
2021-03-12,보성군,8.3,13.2,21.4,2.3,7.3,88.3
2021-03-13,보성군,3.2,15.8,,3,2.5,495.1
2021-03-14,보성군,6,17,,4.1,1.5,525.4
2021-03-15,보성군,2.3,17.8,,2,6.6,410.3
2021-03-16,보성군,6.7,20,4.2,4.4,2.6,501
2021-03-17,보성군,2.1,16.8,,3.1,3.3,516.6
2021-03-18,보성군,3.5,18.7,,2.4,2,561
2021-03-19,보성군,7.3,17.2,,2.8,7.4,467.7
2021-03-20,보성군,8.4,13.5,17.6,2.4,8.3,75.3
2021-03-21,보성군,5.3,12.2,,7.6,5.8,482.6
2021-03-22,보성군,4,12.7,,5.6,3.5,573.4
2021-03-23,보성군,3.1,18.3,,3.4,0,563
2021-03-24,보성군,1.9,17.1,,1.9,5.8,354.7
2021-03-25,보성군,4,21.7,,2.9,2.1,508.7
2021-03-26,보성군,2,22.8,,2,3.5,466.8
2021-03-27,보성군,5.5,17.5,58.6,2.3,9.4,77.1
2021-03-28,보성군,9.4,17.7,,4.2,5.1,437.2
2021-03-29,보성군,9.5,19.6,,4.1,4.3,372.5
2021-03-30,보성군,5.5,20.8,,2.9,3.1,405.7
2021-03-31,보성군,3.7,21.8,,2.3,6.8,429.1
2021-04-01,보성군,7.4,19.2,,4.5,8.9,166.6
2021-04-02,보성군,13.2,20.3,,4.5,9.4,199.8
2021-04-03,보성군,14.2,17.3,29.5,2.1,8.9,37.8
2021-04-04,보성군,10.3,15.3,6.7,3.5,9.6,118
2021-04-05,보성군,5.8,16.7,,2.3,2.9,482.2
2021-04-06,보성군,5.3,21.6,,3.7,4.1,434.6
2021-04-07,보성군,8,22.4,,4.1,2.1,475.1
2021-04-08,보성군,9.2,21,,4.4,3.1,486.9
2021-04-09,보성군,5.1,19,,3.9,4.1,471.9
2021-04-10,보성군,3.8,17.7,,2.9,2,527.6
2021-04-11,보성군,4.2,20,,2.9,3.4,583.5
2021-04-12,보성군,10.7,16,48,3.6,9.9,62.6
2021-04-13,보성군,5.1,16.4,,5.6,7.1,426.3
2021-04-14,보성군,4.3,16.9,,4.6,3.1,594.2
2021-04-15,보성군,1.3,17.4,,2.6,3.3,476.5
2021-04-16,보성군,2.5,19.7,0,2.2,6.6,390.1
2021-04-17,보성군,7.4,17.1,,6.3,2.1,598.8
2021-04-18,보성군,6.4,17.3,,7,0,629
2021-04-19,보성군,3,21.8,,4.5,0.1,615.4
2021-04-20,보성군,8.4,24.3,,3.7,2,570.2
2021-04-21,보성군,6.1,23.3,,1.9,7.6,412.1
2021-04-22,보성군,11.5,22,,1.8,10,158
2021-04-23,보성군,12.6,25,,3.9,8.8,475.5
2021-04-24,보성군,11,22.7,,2.8,6.3,556
2021-04-25,보성군,9.4,21.7,,3,3,528.8
2021-04-26,보성군,7.9,19.3,,3.4,4.8,569
2021-04-27,보성군,6.3,19,,1.6,9.6,301.4
2021-04-28,보성군,11.7,23.5,,2.6,7.9,468.6
2021-04-29,보성군,11.9,24.1,1.1,3.4,5.5,547.4
2021-04-30,보성군,9.1,20.7,9.6,5,4.8,595.9
2021-05-01,보성군,8.7,14.8,16.6,5.4,6.1,341.5
2021-05-02,보성군,8.3,18.9,,4.2,3.8,496.8
2021-05-03,보성군,5.2,20.7,,2.8,5.1,580.3
2021-05-04,보성군,11.4,20,55.9,2.9,9.6,69.6
2021-05-05,보성군,7.9,22,,5.4,4.9,599.8
2021-05-06,보성군,4.4,21.2,,2.1,6.9,403.1
2021-05-07,보성군,9.9,23.4,,3.1,5.8,390.6
2021-05-08,보성군,6,23,,3,2.3,530.6
2021-05-09,보성군,9.7,26.1,,3.5,1.1,573.3
2021-05-10,보성군,12.1,22.1,0,3.2,8.5,322.7
2021-05-11,보성군,16.1,19.7,,4.4,9.4,217.1
2021-05-12,보성군,14.9,25.9,,3.5,5.5,512.7
2021-05-13,보성군,13.7,26.7,,2.3,2,540.3
2021-05-14,보성군,15.4,25.9,,2.7,8.6,352.8
2021-05-15,보성군,18.6,22.8,16.7,2,9,97.1
2021-05-16,보성군,19.9,22.6,29.7,2.2,10,58.6
2021-05-17,보성군,15.2,21.2,0,3.9,8.8,216
2021-05-18,보성군,14.3,23.2,,2.7,7.6,349.1
2021-05-19,보성군,14,27,,2.5,6.5,508.9
2021-05-20,보성군,15.6,17.7,20.7,2.6,9.6,69.1
2021-05-21,보성군,14.3,21.5,,4.9,6.1,406.8
2021-05-22,보성군,13.7,27.8,,3.9,1.3,570.1
2021-05-23,보성군,14.1,28,0,2.4,5.1,517.1
2021-05-24,보성군,15.9,26.5,0,3.9,6,517.1
2021-05-25,보성군,11.2,24.7,,4.8,5.8,517.4
2021-05-26,보성군,12.9,21.7,1.2,2.7,9.6,255.8
2021-05-27,보성군,13.4,23.9,3.1,2.6,5.3,261.4
2021-05-28,보성군,11,24.5,1,4.2,3.8,380.5
2021-05-29,보성군,14,25.7,,3.5,0.5,585.9
2021-05-30,보성군,12.8,26.1,,2.2,1.4,577.3
2021-05-31,보성군,14.7,27.9,,2.4,1.4,569.4
2021-06-01,보성군,13.9,27.6,,2.4,3.9,538.9
2021-06-02,보성군,17,27.5,,2.7,7.9,453.2
2021-06-03,보성군,18.7,21.8,26.4,3.4,9.8,85.1
2021-06-04,보성군,16.7,26.1,0.7,3.9,7.1,597.8
2021-06-05,보성군,13.2,26.3,,2.5,5,518.7
2021-06-06,보성군,17.3,27.1,,2.3,1.9,529.3
2021-06-07,보성군,15.4,28.3,,2.5,3.8,513.8
2021-06-08,보성군,18.2,29.1,,2.1,3.3,536.6
2021-06-09,보성군,19,30,,2.5,3.4,550.5
2021-06-10,보성군,17.9,25.3,1.2,3.6,8.9,221
2021-06-11,보성군,20.5,27.1,64.1,2.7,7.9,345.3
2021-06-12,보성군,20.5,29,,2.6,7,507.1
2021-06-13,보성군,21.5,29.3,,2.9,5.3,550.5
2021-06-14,보성군,20.4,26.9,,2.5,7.1,320.1
2021-06-15,보성군,20.7,22.6,25.6,4.2,8,77.9
2021-06-16,보성군,21.1,26.5,,5.2,6.4,365.2
2021-06-17,보성군,19.5,26.1,0,2.5,8.4,340
2021-06-18,보성군,19.9,25.1,1,1.7,9.3,188.7
2021-06-19,보성군,19.2,29.9,,3.2,3.3,579.6
2021-06-20,보성군,17.9,30.1,,2.5,6.1,530.7
2021-06-21,보성군,18.7,31.3,,2.9,3.6,482.9
2021-06-22,보성군,18.2,26.9,,2.4,4.9,476
2021-06-23,보성군,20,26.3,,2.9,7.1,362.8
2021-06-24,보성군,20.1,26.5,,2.6,7,432.1
2021-06-25,보성군,18.8,27.7,,1.9,6.4,543.6
2021-06-26,보성군,20.4,28.1,,2,6.8,434.8
2021-06-27,보성군,19.1,28.8,,2.4,4.6,516.1
2021-06-28,보성군,21.3,29.1,0.4,2.1,5,377.1
2021-06-29,보성군,21,27.9,,2.3,6.9,410.6
2021-06-30,보성군,20.4,29.1,,2.1,6.3,435.2
2021-07-01,보성군,18.8,30.8,,2.5,4.1,556.1
2021-07-02,보성군,21.8,29.3,,2.3,6.4,443.2
2021-07-03,보성군,22.3,26,85.8,4.5,9.8,48.8
2021-07-04,보성군,22.3,27.8,5.7,3.2,8.6,264.9
2021-07-05,보성군,19.3,22.5,120.6,1,10,56.7
2021-07-06,보성군,22,25.9,279.2,1.5,10,21.6
2021-07-07,보성군,23.8,28.3,13.4,1.5,9.8,161.1
2021-07-08,보성군,24.7,29.6,0.1,1.8,9,270.3
2021-07-09,보성군,24.3,30.1,0.2,2.1,7.3,393.1
2021-07-10,보성군,23.4,29.1,0,1.8,4.9,325
2021-07-11,보성군,22,30.7,,1.4,6,341.5
2021-07-12,보성군,25.1,31.7,,2,6.3,507.6
2021-07-13,보성군,25.3,32.2,,2.4,6.5,447.4
2021-07-14,보성군,25.3,31.5,,2,8,327.7
2021-07-15,보성군,23.8,31.6,0,1.7,6.3,442.7
2021-07-16,보성군,22.9,32.4,5.5,2,5.8,466.1
2021-07-17,보성군,22.1,30.5,,3.6,6.6,449
2021-07-18,보성군,23.8,30.9,0.1,3.3,7,371.3
2021-07-19,보성군,24.2,31.4,0,2.4,8.6,431.6
2021-07-20,보성군,23.8,30.6,0.1,1.7,9.4,293.8
2021-07-21,보성군,22.2,32.5,,2.3,6,486.1
2021-07-22,보성군,23.3,32.3,,2.6,5,477.1
2021-07-23,보성군,23.3,32.3,,2.3,7.1,482.8
2021-07-24,보성군,24.4,31.9,,2.8,8.8,419.1
2021-07-25,보성군,24.2,32.2,,3.9,7,502
2021-07-26,보성군,23.4,32.1,,3.5,7.1,504.8
2021-07-27,보성군,21.8,32.3,,2.5,1.4,542.1
2021-07-28,보성군,22.9,32.5,,2.1,2,543.6
2021-07-29,보성군,22.8,32,,1.8,5,502.1
2021-07-30,보성군,21.8,31.9,,1.9,6,392.4
2021-07-31,보성군,25.4,33.2,14.4,2,6.8,426.3
2021-08-01,보성군,25.4,33.3,,2.1,7.1,465.6
2021-08-02,보성군,25.8,33.2,0.1,2.4,7.9,474.6
2021-08-03,보성군,23.9,30.6,198.9,2,7.5,324.9
2021-08-04,보성군,23.4,32.8,,1.6,2.7,520.4
2021-08-05,보성군,24.1,34.3,,1.5,3.9,530.1
2021-08-06,보성군,24.9,34.8,,2.3,2.5,507.1
2021-08-07,보성군,23.7,35.1,,2.1,5.5,491.2
2021-08-08,보성군,23.8,30,0.7,2.2,8.4,217.6
2021-08-09,보성군,23.9,33.8,,3.1,4.9,523.8
2021-08-10,보성군,24.5,31.9,,1.9,6.9,437.9
2021-08-11,보성군,23.2,30.3,,2.6,6.6,444.5
2021-08-12,보성군,22.4,30.1,0,2.1,7.6,338.5
2021-08-13,보성군,24,28.5,0.7,1.5,9.9,200.6
2021-08-14,보성군,21.2,27.1,7.1,1.9,9,244
2021-08-15,보성군,19.9,30.1,,2.4,8.4,471.6
2021-08-16,보성군,21.4,29.5,,3.6,6.5,385.5
2021-08-17,보성군,21.1,29.9,3.4,1.8,6.8,436.8
2021-08-18,보성군,20.6,29.8,0,1.8,6.4,433.1
2021-08-19,보성군,20,29.8,,2.3,5.1,466.4
2021-08-20,보성군,20.6,29.4,,2.6,5.6,412.1
2021-08-21,보성군,22.5,26.6,93.5,2.9,8,29.1
2021-08-22,보성군,22.3,30.3,,2.2,7,400.2
2021-08-23,보성군,23.9,27.8,45.4,2.5,10,97.5
2021-08-24,보성군,24,29.9,20.4,3,9.3,171.6
2021-08-25,보성군,23.6,26.6,28.9,1.3,8.3,85.3
2021-08-26,보성군,22.4,31.1,0.2,2.4,5.4,504.2
2021-08-27,보성군,22.2,30.5,3,2.3,7.5,322.2
2021-08-28,보성군,22.8,30.4,0,1.7,7.1,304
2021-08-29,보성군,22.8,31.3,5.8,1.6,5.8,230.6
2021-08-30,보성군,23.9,31.2,0.5,2.1,6.4,386
2021-08-31,보성군,23.3,31.2,0.1,1.7,6.9,436.5
2021-09-01,보성군,22.5,29.5,17,2.3,8.3,154.1
2021-09-02,보성군,21.1,24.4,8.4,1.8,8.3,116.5
2021-09-03,보성군,20,26.3,1.8,1.8,7.1,245.7
2021-09-04,보성군,19.9,26.8,0,1.5,9.4,321.8
2021-09-05,보성군,20.4,24.1,0.1,2.6,10,125.1
2021-09-06,보성군,20.1,23.1,0.3,3.4,9,145.2
2021-09-07,보성군,20.8,25.7,3.3,2,8.8,122.5
2021-09-08,보성군,19.6,28.9,,3.2,6.9,385.1
2021-09-09,보성군,17.7,28.9,,1.6,7.5,394.4
2021-09-10,보성군,20.5,24.5,2.2,1.2,8.8,104.7
2021-09-11,보성군,17.8,29.1,,1.9,1.3,525.1
2021-09-12,보성군,17.7,30.2,,1.5,7.6,385.7
2021-09-13,보성군,20.8,26.4,,4.2,10,160.7
2021-09-14,보성군,20,24.9,10,4.8,9.9,96
2021-09-15,보성군,20,28.5,0.7,5.2,6.5,376.6
2021-09-16,보성군,19.6,23.7,2.3,3.3,8.5,100.7
2021-09-17,보성군,21.6,30.2,0.1,2.7,8.8,247.6
2021-09-18,보성군,18.9,27.7,,1.9,5.5,436.4
2021-09-19,보성군,16.7,27.5,,2.4,2.5,522.8
2021-09-20,보성군,17.7,26.8,,3.4,7.5,311.7
2021-09-21,보성군,18.4,27,10.7,2.7,5.9,223.7
2021-09-22,보성군,17.3,30.7,0,2.1,2.9,407.4
2021-09-23,보성군,17.8,28,,3.3,3.9,473.2
2021-09-24,보성군,15,26.7,,2.4,4.5,474.3
2021-09-25,보성군,15.9,27.8,,2.8,7.2,349.8
2021-09-26,보성군,18.7,25.7,,2.3,9.3,259.7
2021-09-27,보성군,17.4,26.8,,2.5,7.3,437.2
2021-09-28,보성군,19.7,25.3,0.3,1.7,8.1,173.5
2021-09-29,보성군,21.1,28,39.8,1.1,9.5,137
2021-09-30,보성군,18.7,26.9,13.3,1.1,4.4,292.2
2021-10-01,보성군,16,27.9,,2.2,2.7,464.2
2021-10-02,보성군,16.5,29.4,,2.2,1.1,488
2021-10-03,보성군,16.1,28.3,,2.1,3.4,448.4
2021-10-04,보성군,19.3,29.6,,2.6,5.1,348.5
2021-10-05,보성군,16.4,29.6,,1.7,1.8,428.9
2021-10-06,보성군,15.9,28.2,,1.8,2.4,472.7
2021-10-07,보성군,16.8,27.9,0,1.8,6.4,349.5
2021-10-08,보성군,19.2,28,0.2,1.8,7.5,318.5
2021-10-09,보성군,18.4,28.6,,2.2,3.3,461.5
2021-10-10,보성군,17.8,29.1,26,1.4,6,224.7
2021-10-11,보성군,17.5,22.5,3.8,2.5,9.5,69
2021-10-12,보성군,17.8,22.1,3.4,3.7,6.9,175.1
2021-10-13,보성군,16.5,25.2,,3.1,6.3,399.6
2021-10-14,보성군,17.4,27.4,,1.3,4.6,359.5
2021-10-15,보성군,17.2,26.1,0,2.3,6,298.2
2021-10-16,보성군,9.3,19.1,1.8,4.4,9.8,106.8
2021-10-17,보성군,3.9,15.3,,4.5,0.8,572.1
2021-10-18,보성군,2.5,18,,2.3,2.3,515.1
2021-10-19,보성군,6.7,19.6,0,3.6,5.8,406.2
2021-10-20,보성군,5.9,16.5,,2.4,8.3,298.4
2021-10-21,보성군,7.4,19.4,,3,5.1,448.6
2021-10-22,보성군,6.9,18.6,,3.9,0,519.2
2021-10-23,보성군,6.1,20.2,,3,0.1,498.9
2021-10-24,보성군,5.7,20.3,,1.9,7.3,339.9
2021-10-25,보성군,6.2,21.4,,3,1.9,480.5
2021-10-26,보성군,4.7,20.8,,2.6,4.3,479.4
2021-10-27,보성군,11.3,21.5,,4.3,2.1,407.9
2021-10-28,보성군,8.3,21.1,,2.3,0.6,480.9
2021-10-29,보성군,5.8,20.8,,2.6,2,476.3
2021-10-30,보성군,7.4,18.6,0,1.5,7.6,146.1
2021-10-31,보성군,5.4,22,,2.2,3.3,443.4
2021-11-01,보성군,10.4,21.6,,3.6,3.5,395.7
2021-11-02,보성군,8.9,18.9,,4,2.4,408.8
2021-11-03,보성군,7.3,19.4,,4.4,2.6,417
2021-11-04,보성군,6.4,21.4,,3,2.5,406.1
2021-11-05,보성군,6.2,19.8,,1.7,7,254
2021-11-06,보성군,9.3,21.2,,3,2.4,421.7
2021-11-07,보성군,6.5,22.1,,4,5.9,401.5
2021-11-08,보성군,7.9,17.1,19.4,5.3,7,94.8
2021-11-09,보성군,5.9,12.3,0.1,3.9,6.1,205.3
2021-11-10,보성군,5.2,12.6,0,3.6,5,235.8
2021-11-11,보성군,6,14.2,2.2,3.5,6.1,269.7
2021-11-12,보성군,3.3,12,0.6,2.8,3.1,247.2
2021-11-13,보성군,1.6,16.4,,2.2,4.9,341.1
2021-11-14,보성군,2.7,18.8,,2.1,2.6,331.7
2021-11-15,보성군,4.3,18.4,,2.6,3.6,387.3
2021-11-16,보성군,7,18,,2.9,4.3,292.2
2021-11-17,보성군,1.8,17.3,,3.3,2.6,415
2021-11-18,보성군,3,18.1,,2.4,0.5,386.7
2021-11-19,보성군,2.2,19.7,,2.4,3.9,411.9
2021-11-20,보성군,3.6,19.8,,2.1,3.8,370.2
2021-11-21,보성군,5.6,17.6,,1,8.8,138.5
2021-11-22,보성군,3.1,14,0,7.3,5.6,236.8
2021-11-23,보성군,3.3,8.9,0.1,4.1,6.1,159
2021-11-24,보성군,3.3,13.7,0,2.5,3.8,162.3
2021-11-25,보성군,0.5,16.6,,2.9,1.4,314.7
2021-11-26,보성군,2,14.2,,3.2,0,383.5
2021-11-27,보성군,0.6,12.6,,2.4,0,376.6
2021-11-28,보성군,-1.4,14.8,,1.6,2.1,365.5
2021-11-29,보성군,-0.8,16.6,,1.5,2.4,341.6
2021-11-30,보성군,4.3,13.9,15.3,4.4,7.9,47.7
2021-12-01,보성군,-0.1,7.4,,7.4,5.3,236.6
2021-12-02,보성군,-1.7,9.2,,2.8,4.3,270.6
2021-12-03,보성군,1,11.6,0,4.1,5.1,272.8
2021-12-04,보성군,-0.2,12.1,0,3.2,3.5,205.8
2021-12-05,보성군,-1.3,11.7,,1.7,4.1,283.5
2021-12-06,보성군,3.7,15.4,,2.2,4,327.1
2021-12-07,보성군,3.6,15.9,,3.8,0.5,348.3
2021-12-08,보성군,-0.3,13.8,,2.1,1.4,339.2
2021-12-09,보성군,-1.5,15,,1.8,6.3,161.6
2021-12-10,보성군,3.6,16.6,0,2.5,4.8,215.5
2021-12-11,보성군,4.8,14.8,,4.2,4.3,53.1
2021-12-12,보성군,2.7,13.4,,5.9,4.5,196.7
2021-12-13,보성군,-0.8,7.3,,5.1,0,384.8
2021-12-14,보성군,-2.3,10.4,,3.2,2.4,313.1
2021-12-15,보성군,-1.8,13.3,,1.6,4.9,203
2021-12-16,보성군,0.8,11.5,2.1,2.1,9,79.3
2021-12-17,보성군,-3.4,8.8,0,8,7.5,180.3
2021-12-18,보성군,-6.9,4,,3.5,4.6,375
2021-12-19,보성군,-2.6,8,0,3.7,3.6,288.6
2021-12-20,보성군,-3.6,13.4,,1.6,1.8,232.6
2021-12-21,보성군,-2.6,15.1,,2.5,0.4,287.6
2021-12-22,보성군,0.1,15.7,,4,0.1,359.4
2021-12-23,보성군,-3.8,14.3,,1.6,0,341.6
2021-12-24,보성군,-3.1,11.4,,3.8,5,150.4
2021-12-25,보성군,-5.3,1.5,,8.7,3.6,351.2
2021-12-26,보성군,-7.1,0.6,,4.7,0.1,395.3
2021-12-27,보성군,-8.8,4.5,,3.8,0.5,355.4
2021-12-28,보성군,-2.6,7.9,,2.5,5.1,223.6
2021-12-29,보성군,-1.4,10.9,,3.4,6.6,253.6
2021-12-30,보성군,0.8,5.2,0,8,3.9,314
2021-12-31,보성군,-3.3,3.7,0,5.9,3,388.6
2022-01-01,보성군,-3.7,6.6,,3.3,4.8,372.6
2022-01-02,보성군,-6.2,9.2,,3.7,2,274.3
2022-01-03,보성군,-3.2,8.4,,3.7,1.5,385.3
2022-01-04,보성군,-1.8,8.5,,4,2.3,337.3
2022-01-05,보성군,0.1,7,0.6,1.9,9.9,90.7
2022-01-06,보성군,-0.7,8.9,0,4.7,0.8,395.8
2022-01-07,보성군,-6.5,10.5,,3.4,0.1,383
2022-01-08,보성군,-4.7,9,,4.4,2,391.4
2022-01-09,보성군,-2.5,10.2,,3.1,5,253.8
2022-01-10,보성군,-4.6,10.4,,2.9,5.3,306.1
2022-01-11,보성군,-4.5,4.6,0,7,8.3,259.9
2022-01-12,보성군,-5.6,3.4,0,4.1,4.1,366.7
2022-01-13,보성군,-4.6,1.6,0,6,3.9,266.5
2022-01-14,보성군,-5.6,6.5,,3.3,3,411.1
2022-01-15,보성군,-4.3,10.5,,2.8,4.3,379
2022-01-16,보성군,-2.8,6.4,0,4.8,4.5,306.1
2022-01-17,보성군,-2.6,4.8,,5.4,7.3,263.8
2022-01-18,보성군,-4.8,5.7,,3.6,0.9,430.1
2022-01-19,보성군,-5.1,8.6,0,4.6,3,367.2
2022-01-20,보성군,-4.9,5.4,,3.6,0.4,413.6
2022-01-21,보성군,-7.4,8.4,,1.9,3.9,350.2
2022-01-22,보성군,-1.2,11.8,0,1.6,8,213.9
2022-01-23,보성군,2.5,12.3,,1.6,9,151.1
2022-01-24,보성군,-1.6,10.2,,3.2,6.4,229.7
2022-01-25,보성군,3.6,8.1,0,1.9,6,72.9
2022-01-26,보성군,0.7,9.7,,3.6,3.9,351.7
2022-01-27,보성군,0.6,9.7,,4.9,7.4,366.1
2022-01-28,보성군,-0.1,7.5,,5.3,5.8,421.6
2022-01-29,보성군,0,6.9,,5,7.6,317.8
2022-01-30,보성군,-1.5,8.1,,5.1,3.4,350.9
2022-01-31,보성군,-2.7,8.7,,4.1,1.5,436.8
2022-02-01,보성군,-1.9,6.7,0.1,4.7,4.9,250.3
2022-02-02,보성군,-0.8,6.7,,4,6,323.4
2022-02-03,보성군,-4.5,7.7,,4,3.6,444.4
2022-02-04,보성군,-3.7,6.1,0,5.5,3,415.5
2022-02-05,보성군,-2.8,2.2,0.1,6.1,5.6,368.7
2022-02-06,보성군,-5.6,5.8,0,4.6,5,341
2022-02-07,보성군,-1.6,4.5,,3.4,8.4,158.8
2022-02-08,보성군,-2.9,8.9,,3.4,3.4,440.2
2022-02-09,보성군,-6.8,10.3,,2.4,5.9,317.6
2022-02-10,보성군,3,10.7,,4.4,3.1,429.9
2022-02-11,보성군,-0.7,11.8,,2.9,3.3,434.6
2022-02-12,보성군,-0.7,13.6,,2.2,4.9,408.7
2022-02-13,보성군,2.8,13.4,,2.3,7.4,295.4
2022-02-14,보성군,-1.6,13.1,0,3.4,3.6,284.6
2022-02-15,보성군,-3.2,4.8,,7.8,4.6,413.8
2022-02-16,보성군,-3.7,2.1,0.1,6.7,6.6,370
2022-02-17,보성군,-6.9,2.9,,4.6,5,476.7
2022-02-18,보성군,-7.2,8.7,,2.3,5.4,466
2022-02-19,보성군,-0.1,8,0,4.9,9.1,233.6
2022-02-20,보성군,-3.2,3.3,0,7.1,4,559.2
2022-02-21,보성군,-7.4,8.4,0,4.5,2.3,485.8
2022-02-22,보성군,-2.8,5.7,,5,4.9,528.8
2022-02-23,보성군,-3.7,4.5,,4.6,5.3,477.3
2022-02-24,보성군,-6.8,7.2,,4.9,0.3,566.7
2022-02-25,보성군,-3.2,11.7,,4.3,0,529.2
2022-02-26,보성군,-6.3,13.8,0,3.5,2.3,489.9
2022-02-27,보성군,1.8,13.9,,5.2,0,573.5
2022-02-28,보성군,-5.8,14,,2,5.5,392.8
2022-03-01,보성군,3,15.3,4.1,4.5,6.6,287.4
2022-03-02,보성군,0.4,11.4,,5,0.3,593.6
2022-03-03,보성군,-2.2,14.5,,2.8,0.3,511.1
2022-03-04,보성군,-0.8,15.2,,2.1,4.9,382.3
2022-03-05,보성군,1.6,10.3,,7.3,0.9,591.5
2022-03-06,보성군,-0.9,11.5,,4.6,3,600.8
2022-03-07,보성군,0.2,12.8,,3.3,5.9,431.6
2022-03-08,보성군,-2.8,16.2,,3.2,1,547.8
2022-03-09,보성군,-2.2,18.3,,2,0,534.7
2022-03-10,보성군,-1.9,17.2,,1.2,6.8,408.1
2022-03-11,보성군,5.4,18.2,0,0.5,8.8,176.7
2022-03-12,보성군,10.3,22.2,,1.7,6.5,470
2022-03-13,보성군,11.1,16.8,19.4,1,9.3,35.4
2022-03-14,보성군,7.9,14.5,1.1,2,9.5,58
2022-03-15,보성군,4.2,17.1,,3.2,3.8,555.5
2022-03-16,보성군,1.8,21.8,,1.8,2.4,540.5
2022-03-17,보성군,8.3,15.4,9.5,3.6,10,125.8
2022-03-18,보성군,7.5,12.8,11.3,3.3,8.4,111.6
2022-03-19,보성군,2.7,8.4,8.1,3.8,9.1,210.3
2022-03-20,보성군,0.8,10.5,,3.4,8,300.3
2022-03-21,보성군,0.6,12.5,,1.9,8.4,349.2
2022-03-22,보성군,4.5,15.5,,2.7,7.8,486.7
2022-03-23,보성군,2.8,13.8,0,3.1,5,343.3
2022-03-24,보성군,0.3,16.5,,2.7,1.4,535.3
2022-03-25,보성군,3.3,17.1,37.4,4,8.5,110.9
2022-03-26,보성군,8.1,17.6,82.4,5,9,106.7
2022-03-27,보성군,5.8,19.2,,4.7,5.8,522.3
2022-03-28,보성군,2.4,14.2,,2.9,6.3,447.1
2022-03-29,보성군,1.6,17.1,,2.2,0,581.4
2022-03-30,보성군,4.1,20.6,,1.8,7.6,359.1
2022-03-31,보성군,8.3,17.9,,4.4,7.8,316.9
